Player Sno,Player name,Team name,Bid amount,Is awarded
6,Kane Williamson,GUJARAT TITANS,200,Yes
2,Harry Brook,RAJASTHAN ROYALS,150,No
2,Harry Brook,ROYAL CHALLENGERS BANGALORE,160,No
2,Harry Brook,RAJASTHAN ROYALS,170,No
2,Harry Brook,ROYAL CHALLENGERS BANGALORE,180,No
2,Harry Brook,RAJASTHAN ROYALS,190,No
2,Harry Brook,ROYAL CHALLENGERS BANGALORE,200,No
2,Harry Brook,RAJASTHAN ROYALS,220,No
2,Harry Brook,ROYAL CHALLENGERS BANGALORE,240,No
2,Harry Brook,RAJASTHAN ROYALS,260,No
2,Harry Brook,ROYAL CHALLENGERS BANGALORE,280,No
2,Harry Brook,RAJASTHAN ROYALS,300,No
2,Harry Brook,ROYAL CHALLENGERS BANGALORE,320,No
2,Harry Brook,RAJASTHAN ROYALS,340,No
2,Harry Brook,ROYAL CHALLENGERS BANGALORE,360,No
2,Harry Brook,RAJASTHAN ROYALS,380,No
2,Harry Brook,ROYAL CHALLENGERS BANGALORE,400,No
2,Harry Brook,RAJASTHAN ROYALS,420,No
2,Harry Brook,ROYAL CHALLENGERS BANGALORE,440,No
2,Harry Brook,RAJASTHAN ROYALS,460,No
2,Harry Brook,ROYAL CHALLENGERS BANGALORE,480,No
2,Harry Brook,RAJASTHAN ROYALS,500,No
2,Harry Brook,SUNRISERS HYDERABAD,525,No
2,Harry Brook,RAJASTHAN ROYALS,550,No
2,Harry Brook,SUNRISERS HYDERABAD,575,No
2,Harry Brook,RAJASTHAN ROYALS,600,No
2,Harry Brook,SUNRISERS HYDERABAD,625,No
2,Harry Brook,RAJASTHAN ROYALS,650,No
2,Harry Brook,SUNRISERS HYDERABAD,675,No
2,Harry Brook,RAJASTHAN ROYALS,700,No
2,Harry Brook,SUNRISERS HYDERABAD,725,No
2,Harry Brook,RAJASTHAN ROYALS,750,No
2,Harry Brook,SUNRISERS HYDERABAD,775,No
2,Harry Brook,RAJASTHAN ROYALS,800,No
2,Harry Brook,SUNRISERS HYDERABAD,825,No
2,Harry Brook,RAJASTHAN ROYALS,850,No
2,Harry Brook,SUNRISERS HYDERABAD,875,No
2,Harry Brook,RAJASTHAN ROYALS,900,No
2,Harry Brook,SUNRISERS HYDERABAD,925,No
2,Harry Brook,RAJASTHAN ROYALS,950,No
2,Harry Brook,SUNRISERS HYDERABAD,975,No
2,Harry Brook,RAJASTHAN ROYALS,1000,No
2,Harry Brook,SUNRISERS HYDERABAD,1025,No
2,Harry Brook,RAJASTHAN ROYALS,1050,No
2,Harry Brook,SUNRISERS HYDERABAD,1075,No
2,Harry Brook,RAJASTHAN ROYALS,1100,No
2,Harry Brook,SUNRISERS HYDERABAD,1125,No
2,Harry Brook,RAJASTHAN ROYALS,1150,No
2,Harry Brook,SUNRISERS HYDERABAD,1175,No
2,Harry Brook,RAJASTHAN ROYALS,1200,No
2,Harry Brook,SUNRISERS HYDERABAD,1225,No
2,Harry Brook,RAJASTHAN ROYALS,1250,No
2,Harry Brook,SUNRISERS HYDERABAD,1275,No
2,Harry Brook,RAJASTHAN ROYALS,1300,No
2,Harry Brook,SUNRISERS HYDERABAD,1325,Yes
1,Mayank Agarwal,PUNJAB KINGS,100,No
1,Mayank Agarwal,ROYAL CHALLENGERS BANGALORE,110,No
1,Mayank Agarwal,PUNJAB KINGS,120,No
1,Mayank Agarwal,ROYAL CHALLENGERS BANGALORE,130,No
1,Mayank Agarwal,PUNJAB KINGS,140,No
1,Mayank Agarwal,ROYAL CHALLENGERS BANGALORE,150,No
1,Mayank Agarwal,PUNJAB KINGS,160,No
1,Mayank Agarwal,ROYAL CHALLENGERS BANGALORE,170,No
1,Mayank Agarwal,PUNJAB KINGS,180,No
1,Mayank Agarwal,ROYAL CHALLENGERS BANGALORE,190,No
1,Mayank Agarwal,PUNJAB KINGS,200,No
1,Mayank Agarwal,ROYAL CHALLENGERS BANGALORE,220,No
1,Mayank Agarwal,PUNJAB KINGS,240,No
1,Mayank Agarwal,ROYAL CHALLENGERS BANGALORE,260,No
1,Mayank Agarwal,PUNJAB KINGS,280,No
1,Mayank Agarwal,CHENNAI SUPER KINGS,300,No
1,Mayank Agarwal,PUNJAB KINGS,320,No
1,Mayank Agarwal,CHENNAI SUPER KINGS,340,No
1,Mayank Agarwal,PUNJAB KINGS,360,No
1,Mayank Agarwal,CHENNAI SUPER KINGS,380,No
1,Mayank Agarwal,SUNRISERS HYDERABAD,400,No
1,Mayank Agarwal,CHENNAI SUPER KINGS,420,No
1,Mayank Agarwal,SUNRISERS HYDERABAD,440,No
1,Mayank Agarwal,CHENNAI SUPER KINGS,460,No
1,Mayank Agarwal,SUNRISERS HYDERABAD,480,No
1,Mayank Agarwal,CHENNAI SUPER KINGS,500,No
1,Mayank Agarwal,SUNRISERS HYDERABAD,525,No
1,Mayank Agarwal,CHENNAI SUPER KINGS,550,No
1,Mayank Agarwal,SUNRISERS HYDERABAD,575,No
1,Mayank Agarwal,CHENNAI SUPER KINGS,600,No
1,Mayank Agarwal,SUNRISERS HYDERABAD,625,No
1,Mayank Agarwal,CHENNAI SUPER KINGS,650,No
1,Mayank Agarwal,SUNRISERS HYDERABAD,675,No
1,Mayank Agarwal,CHENNAI SUPER KINGS,700,No
1,Mayank Agarwal,SUNRISERS HYDERABAD,725,No
1,Mayank Agarwal,CHENNAI SUPER KINGS,750,No
1,Mayank Agarwal,SUNRISERS HYDERABAD,775,No
1,Mayank Agarwal,CHENNAI SUPER KINGS,800,No
1,Mayank Agarwal,SUNRISERS HYDERABAD,825,Yes
3,Ajinkya Rahane,CHENNAI SUPER KINGS,50,Yes
7,Sam Curran,MUMBAI INDIANS,200,No
7,Sam Curran,ROYAL CHALLENGERS BANGALORE,220,No
7,Sam Curran,MUMBAI INDIANS,240,No
7,Sam Curran,ROYAL CHALLENGERS BANGALORE,260,No
7,Sam Curran,MUMBAI INDIANS,280,No
7,Sam Curran,ROYAL CHALLENGERS BANGALORE,300,No
7,Sam Curran,MUMBAI INDIANS,320,No
7,Sam Curran,ROYAL CHALLENGERS BANGALORE,340,No
7,Sam Curran,MUMBAI INDIANS,360,No
7,Sam Curran,ROYAL CHALLENGERS BANGALORE,380,No
7,Sam Curran,MUMBAI INDIANS,400,No
7,Sam Curran,ROYAL CHALLENGERS BANGALORE,420,No
7,Sam Curran,MUMBAI INDIANS,440,No
7,Sam Curran,ROYAL CHALLENGERS BANGALORE,460,No
7,Sam Curran,MUMBAI INDIANS,480,No
7,Sam Curran,ROYAL CHALLENGERS BANGALORE,500,No
7,Sam Curran,MUMBAI INDIANS,525,No
7,Sam Curran,ROYAL CHALLENGERS BANGALORE,550,No
7,Sam Curran,MUMBAI INDIANS,575,No
7,Sam Curran,ROYAL CHALLENGERS BANGALORE,600,No
7,Sam Curran,MUMBAI INDIANS,625,No
7,Sam Curran,ROYAL CHALLENGERS BANGALORE,650,No
7,Sam Curran,MUMBAI INDIANS,675,No
7,Sam Curran,RAJASTHAN ROYALS,700,No
7,Sam Curran,MUMBAI INDIANS,725,No
7,Sam Curran,RAJASTHAN ROYALS,750,No
7,Sam Curran,MUMBAI INDIANS,775,No
7,Sam Curran,RAJASTHAN ROYALS,800,No
7,Sam Curran,MUMBAI INDIANS,825,No
7,Sam Curran,RAJASTHAN ROYALS,850,No
7,Sam Curran,MUMBAI INDIANS,875,No
7,Sam Curran,RAJASTHAN ROYALS,900,No
7,Sam Curran,MUMBAI INDIANS,925,No
7,Sam Curran,RAJASTHAN ROYALS,950,No
7,Sam Curran,MUMBAI INDIANS,975,No
7,Sam Curran,RAJASTHAN ROYALS,1000,No
7,Sam Curran,MUMBAI INDIANS,1025,No
7,Sam Curran,RAJASTHAN ROYALS,1050,No
7,Sam Curran,MUMBAI INDIANS,1075,No
7,Sam Curran,RAJASTHAN ROYALS,1100,No
7,Sam Curran,MUMBAI INDIANS,1125,No
7,Sam Curran,RAJASTHAN ROYALS,1150,No
7,Sam Curran,CHENNAI SUPER KINGS,1175,No
7,Sam Curran,RAJASTHAN ROYALS,1200,No
7,Sam Curran,CHENNAI SUPER KINGS,1225,No
7,Sam Curran,RAJASTHAN ROYALS,1250,No
7,Sam Curran,CHENNAI SUPER KINGS,1275,No
7,Sam Curran,RAJASTHAN ROYALS,1300,No
7,Sam Curran,CHENNAI SUPER KINGS,1325,No
7,Sam Curran,PUNJAB KINGS,1350,No
7,Sam Curran,CHENNAI SUPER KINGS,1375,No
7,Sam Curran,PUNJAB KINGS,1400,No
7,Sam Curran,CHENNAI SUPER KINGS,1425,No
7,Sam Curran,PUNJAB KINGS,1450,No
7,Sam Curran,CHENNAI SUPER KINGS,1475,No
7,Sam Curran,PUNJAB KINGS,1500,No
7,Sam Curran,CHENNAI SUPER KINGS,1525,No
7,Sam Curran,PUNJAB KINGS,1550,No
7,Sam Curran,LUCKNOW SUPER GIANTS,1575,No
7,Sam Curran,PUNJAB KINGS,1600,No
7,Sam Curran,LUCKNOW SUPER GIANTS,1625,No
7,Sam Curran,PUNJAB KINGS,1650,No
7,Sam Curran,MUMBAI INDIANS,1675,No
7,Sam Curran,PUNJAB KINGS,1700,No
7,Sam Curran,MUMBAI INDIANS,1725,No
7,Sam Curran,PUNJAB KINGS,1750,No
7,Sam Curran,MUMBAI INDIANS,1775,No
7,Sam Curran,PUNJAB KINGS,1800,No
7,Sam Curran,MUMBAI INDIANS,1825,No
7,Sam Curran,PUNJAB KINGS,1850,Yes
12,Odean Smith,GUJARAT TITANS,50,Yes
11,Sikandar Raza,PUNJAB KINGS,50,Yes
10,Jason Holder,CHENNAI SUPER KINGS,200,No
10,Jason Holder,RAJASTHAN ROYALS,220,No
10,Jason Holder,CHENNAI SUPER KINGS,240,No
10,Jason Holder,RAJASTHAN ROYALS,260,No
10,Jason Holder,CHENNAI SUPER KINGS,280,No
10,Jason Holder,RAJASTHAN ROYALS,300,No
10,Jason Holder,RAJASTHAN ROYALS,320,No
10,Jason Holder,CHENNAI SUPER KINGS,340,No
10,Jason Holder,RAJASTHAN ROYALS,360,No
10,Jason Holder,CHENNAI SUPER KINGS,380,No
10,Jason Holder,RAJASTHAN ROYALS,400,No
10,Jason Holder,CHENNAI SUPER KINGS,420,No
10,Jason Holder,RAJASTHAN ROYALS,440,No
10,Jason Holder,CHENNAI SUPER KINGS,460,No
10,Jason Holder,RAJASTHAN ROYALS,480,No
10,Jason Holder,CHENNAI SUPER KINGS,500,No
10,Jason Holder,RAJASTHAN ROYALS,525,No
10,Jason Holder,CHENNAI SUPER KINGS,550,No
10,Jason Holder,RAJASTHAN ROYALS,575,Yes
8,Cameron Green,ROYAL CHALLENGERS BANGALORE,200,No
8,Cameron Green,MUMBAI INDIANS,220,No
8,Cameron Green,ROYAL CHALLENGERS BANGALORE,240,No
8,Cameron Green,MUMBAI INDIANS,260,No
8,Cameron Green,ROYAL CHALLENGERS BANGALORE,280,No
8,Cameron Green,MUMBAI INDIANS,300,No
8,Cameron Green,ROYAL CHALLENGERS BANGALORE,320,No
8,Cameron Green,MUMBAI INDIANS,340,No
8,Cameron Green,ROYAL CHALLENGERS BANGALORE,360,No
8,Cameron Green,MUMBAI INDIANS,380,No
8,Cameron Green,ROYAL CHALLENGERS BANGALORE,400,No
8,Cameron Green,MUMBAI INDIANS,420,No
8,Cameron Green,ROYAL CHALLENGERS BANGALORE,440,No
8,Cameron Green,MUMBAI INDIANS,460,No
8,Cameron Green,ROYAL CHALLENGERS BANGALORE,480,No
8,Cameron Green,MUMBAI INDIANS,500,No
8,Cameron Green,ROYAL CHALLENGERS BANGALORE,525,No
8,Cameron Green,MUMBAI INDIANS,550,No
8,Cameron Green,ROYAL CHALLENGERS BANGALORE,575,No
8,Cameron Green,MUMBAI INDIANS,600,No
8,Cameron Green,ROYAL CHALLENGERS BANGALORE,625,No
8,Cameron Green,MUMBAI INDIANS,650,No
8,Cameron Green,ROYAL CHALLENGERS BANGALORE,675,No
8,Cameron Green,MUMBAI INDIANS,700,No
8,Cameron Green,DELHI CAPITALS,725,No
8,Cameron Green,MUMBAI INDIANS,750,No
8,Cameron Green,DELHI CAPITALS,775,No
8,Cameron Green,MUMBAI INDIANS,800,No
8,Cameron Green,DELHI CAPITALS,825,No
8,Cameron Green,MUMBAI INDIANS,850,No
8,Cameron Green,DELHI CAPITALS,875,No
8,Cameron Green,MUMBAI INDIANS,900,No
8,Cameron Green,DELHI CAPITALS,925,No
8,Cameron Green,MUMBAI INDIANS,950,No
8,Cameron Green,DELHI CAPITALS,975,No
8,Cameron Green,MUMBAI INDIANS,1000,No
8,Cameron Green,DELHI CAPITALS,1025,No
8,Cameron Green,MUMBAI INDIANS,1050,No
8,Cameron Green,DELHI CAPITALS,1075,No
8,Cameron Green,MUMBAI INDIANS,1100,No
8,Cameron Green,DELHI CAPITALS,1125,No
8,Cameron Green,MUMBAI INDIANS,1150,No
8,Cameron Green,DELHI CAPITALS,1175,No
8,Cameron Green,MUMBAI INDIANS,1200,No
8,Cameron Green,DELHI CAPITALS,1225,No
8,Cameron Green,MUMBAI INDIANS,1250,No
8,Cameron Green,DELHI CAPITALS,1275,No
8,Cameron Green,MUMBAI INDIANS,1300,No
8,Cameron Green,DELHI CAPITALS,1325,No
8,Cameron Green,MUMBAI INDIANS,1350,No
8,Cameron Green,DELHI CAPITALS,1375,No
8,Cameron Green,MUMBAI INDIANS,1400,No
8,Cameron Green,DELHI CAPITALS,1425,No
8,Cameron Green,MUMBAI INDIANS,1450,No
8,Cameron Green,DELHI CAPITALS,1475,No
8,Cameron Green,MUMBAI INDIANS,1500,No
8,Cameron Green,DELHI CAPITALS,1525,No
8,Cameron Green,MUMBAI INDIANS,1550,No
8,Cameron Green,DELHI CAPITALS,1575,No
8,Cameron Green,MUMBAI INDIANS,1600,No
8,Cameron Green,DELHI CAPITALS,1625,No
8,Cameron Green,MUMBAI INDIANS,1650,No
8,Cameron Green,DELHI CAPITALS,1675,No
8,Cameron Green,MUMBAI INDIANS,1700,No
8,Cameron Green,DELHI CAPITALS,1725,No
8,Cameron Green,MUMBAI INDIANS,1750,Yes
13,Ben Stokes ,RAJASTHAN ROYALS,200,No
13,Ben Stokes ,ROYAL CHALLENGERS BANGALORE,220,No
13,Ben Stokes ,RAJASTHAN ROYALS,240,No
13,Ben Stokes ,ROYAL CHALLENGERS BANGALORE,260,No
13,Ben Stokes ,RAJASTHAN ROYALS,280,No
13,Ben Stokes ,ROYAL CHALLENGERS BANGALORE,300,No
13,Ben Stokes ,RAJASTHAN ROYALS,320,No
13,Ben Stokes ,ROYAL CHALLENGERS BANGALORE,340,No
13,Ben Stokes ,RAJASTHAN ROYALS,360,No
13,Ben Stokes ,ROYAL CHALLENGERS BANGALORE,380,No
13,Ben Stokes ,RAJASTHAN ROYALS,400,No
13,Ben Stokes ,ROYAL CHALLENGERS BANGALORE,420,No
13,Ben Stokes ,RAJASTHAN ROYALS,440,No
13,Ben Stokes ,ROYAL CHALLENGERS BANGALORE,460,No
13,Ben Stokes ,RAJASTHAN ROYALS,480,No
13,Ben Stokes ,ROYAL CHALLENGERS BANGALORE,500,No
13,Ben Stokes ,RAJASTHAN ROYALS,525,No
13,Ben Stokes ,ROYAL CHALLENGERS BANGALORE,550,No
13,Ben Stokes ,RAJASTHAN ROYALS,575,No
13,Ben Stokes ,ROYAL CHALLENGERS BANGALORE,600,No
13,Ben Stokes ,RAJASTHAN ROYALS,625,No
13,Ben Stokes ,ROYAL CHALLENGERS BANGALORE,650,No
13,Ben Stokes ,RAJASTHAN ROYALS,675,No
13,Ben Stokes ,LUCKNOW SUPER GIANTS,700,No
13,Ben Stokes ,RAJASTHAN ROYALS,725,No
13,Ben Stokes ,LUCKNOW SUPER GIANTS,750,No
13,Ben Stokes ,SUNRISERS HYDERABAD,775,No
13,Ben Stokes ,LUCKNOW SUPER GIANTS,800,No
13,Ben Stokes ,SUNRISERS HYDERABAD,825,No
13,Ben Stokes ,LUCKNOW SUPER GIANTS,850,No
13,Ben Stokes ,SUNRISERS HYDERABAD,875,No
13,Ben Stokes ,LUCKNOW SUPER GIANTS,900,No
13,Ben Stokes ,SUNRISERS HYDERABAD,925,No
13,Ben Stokes ,LUCKNOW SUPER GIANTS,950,No
13,Ben Stokes ,SUNRISERS HYDERABAD,975,No
13,Ben Stokes ,LUCKNOW SUPER GIANTS,1000,No
13,Ben Stokes ,SUNRISERS HYDERABAD,1025,No
13,Ben Stokes ,LUCKNOW SUPER GIANTS,1050,No
13,Ben Stokes ,SUNRISERS HYDERABAD,1075,No
13,Ben Stokes ,LUCKNOW SUPER GIANTS,1100,No
13,Ben Stokes ,SUNRISERS HYDERABAD,1125,No
13,Ben Stokes ,LUCKNOW SUPER GIANTS,1150,No
13,Ben Stokes ,SUNRISERS HYDERABAD,1175,No
13,Ben Stokes ,LUCKNOW SUPER GIANTS,1200,No
13,Ben Stokes ,SUNRISERS HYDERABAD,1225,No
13,Ben Stokes ,LUCKNOW SUPER GIANTS,1250,No
13,Ben Stokes ,SUNRISERS HYDERABAD,1275,No
13,Ben Stokes ,LUCKNOW SUPER GIANTS,1300,No
13,Ben Stokes ,SUNRISERS HYDERABAD,1325,No
13,Ben Stokes ,LUCKNOW SUPER GIANTS,1350,No
13,Ben Stokes ,SUNRISERS HYDERABAD,1375,No
13,Ben Stokes ,LUCKNOW SUPER GIANTS,1400,No
13,Ben Stokes ,SUNRISERS HYDERABAD,1425,No
13,Ben Stokes ,LUCKNOW SUPER GIANTS,1450,No
13,Ben Stokes ,SUNRISERS HYDERABAD,1475,No
13,Ben Stokes ,LUCKNOW SUPER GIANTS,1500,No
13,Ben Stokes ,CHENNAI SUPER KINGS,1525,No
13,Ben Stokes ,LUCKNOW SUPER GIANTS,1550,No
13,Ben Stokes ,CHENNAI SUPER KINGS,1575,No
13,Ben Stokes ,LUCKNOW SUPER GIANTS,1600,No
13,Ben Stokes ,CHENNAI SUPER KINGS,1625,Yes
18,Nicholas Pooran,CHENNAI SUPER KINGS,200,No
18,Nicholas Pooran,RAJASTHAN ROYALS,220,No
18,Nicholas Pooran,CHENNAI SUPER KINGS,240,No
18,Nicholas Pooran,RAJASTHAN ROYALS,260,No
18,Nicholas Pooran,CHENNAI SUPER KINGS,280,No
18,Nicholas Pooran,RAJASTHAN ROYALS,300,No
18,Nicholas Pooran,CHENNAI SUPER KINGS,320,No
18,Nicholas Pooran,RAJASTHAN ROYALS,340,No
18,Nicholas Pooran,DELHI CAPITALS,360,No
18,Nicholas Pooran,RAJASTHAN ROYALS,380,No
18,Nicholas Pooran,DELHI CAPITALS,400,No
18,Nicholas Pooran,RAJASTHAN ROYALS,420,No
18,Nicholas Pooran,DELHI CAPITALS,440,No
18,Nicholas Pooran,RAJASTHAN ROYALS,460,No
18,Nicholas Pooran,DELHI CAPITALS,480,No
18,Nicholas Pooran,RAJASTHAN ROYALS,500,No
18,Nicholas Pooran,DELHI CAPITALS,525,No
18,Nicholas Pooran,RAJASTHAN ROYALS,550,No
18,Nicholas Pooran,DELHI CAPITALS,575,No
18,Nicholas Pooran,RAJASTHAN ROYALS,600,No
18,Nicholas Pooran,DELHI CAPITALS,625,No
18,Nicholas Pooran,RAJASTHAN ROYALS,650,No
18,Nicholas Pooran,DELHI CAPITALS,675,No
18,Nicholas Pooran,RAJASTHAN ROYALS,700,No
18,Nicholas Pooran,DELHI CAPITALS,725,No
18,Nicholas Pooran,LUCKNOW SUPER GIANTS,750,No
18,Nicholas Pooran,DELHI CAPITALS,775,No
18,Nicholas Pooran,LUCKNOW SUPER GIANTS,800,No
18,Nicholas Pooran,DELHI CAPITALS,825,No
18,Nicholas Pooran,LUCKNOW SUPER GIANTS,850,No
18,Nicholas Pooran,DELHI CAPITALS,875,No
18,Nicholas Pooran,LUCKNOW SUPER GIANTS,900,No
18,Nicholas Pooran,DELHI CAPITALS,925,No
18,Nicholas Pooran,LUCKNOW SUPER GIANTS,950,No
18,Nicholas Pooran,DELHI CAPITALS,975,No
18,Nicholas Pooran,LUCKNOW SUPER GIANTS,1000,No
18,Nicholas Pooran,DELHI CAPITALS,1025,No
18,Nicholas Pooran,LUCKNOW SUPER GIANTS,1050,No
18,Nicholas Pooran,DELHI CAPITALS,1075,No
18,Nicholas Pooran,LUCKNOW SUPER GIANTS,1100,No
18,Nicholas Pooran,DELHI CAPITALS,1125,No
18,Nicholas Pooran,LUCKNOW SUPER GIANTS,1150,No
18,Nicholas Pooran,DELHI CAPITALS,1175,No
18,Nicholas Pooran,LUCKNOW SUPER GIANTS,1200,No
18,Nicholas Pooran,DELHI CAPITALS,1225,No
18,Nicholas Pooran,LUCKNOW SUPER GIANTS,1250,No
18,Nicholas Pooran,DELHI CAPITALS,1275,No
18,Nicholas Pooran,LUCKNOW SUPER GIANTS,1300,No
18,Nicholas Pooran,DELHI CAPITALS,1325,No
18,Nicholas Pooran,LUCKNOW SUPER GIANTS,1350,No
18,Nicholas Pooran,DELHI CAPITALS,1375,No
18,Nicholas Pooran,LUCKNOW SUPER GIANTS,1400,No
18,Nicholas Pooran,DELHI CAPITALS,1425,No
18,Nicholas Pooran,LUCKNOW SUPER GIANTS,1450,No
18,Nicholas Pooran,DELHI CAPITALS,1475,No
18,Nicholas Pooran,LUCKNOW SUPER GIANTS,1500,No
18,Nicholas Pooran,DELHI CAPITALS,1525,No
18,Nicholas Pooran,LUCKNOW SUPER GIANTS,1550,No
18,Nicholas Pooran,DELHI CAPITALS,1575,No
18,Nicholas Pooran,LUCKNOW SUPER GIANTS,1600,Yes
16,Heinrich Klaasen,DELHI CAPITALS,100,No
16,Heinrich Klaasen,KOLKATA KNIGHT RIDERS,110,No
16,Heinrich Klaasen,DELHI CAPITALS,120,No
16,Heinrich Klaasen,SUNRISERS HYDERABAD,130,No
16,Heinrich Klaasen,DELHI CAPITALS,140,No
16,Heinrich Klaasen,SUNRISERS HYDERABAD,150,No
16,Heinrich Klaasen,DELHI CAPITALS,160,No
16,Heinrich Klaasen,SUNRISERS HYDERABAD,170,No
16,Heinrich Klaasen,DELHI CAPITALS,180,No
16,Heinrich Klaasen,SUNRISERS HYDERABAD,190,No
16,Heinrich Klaasen,DELHI CAPITALS,200,No
16,Heinrich Klaasen,SUNRISERS HYDERABAD,220,No
16,Heinrich Klaasen,DELHI CAPITALS,240,No
16,Heinrich Klaasen,SUNRISERS HYDERABAD,260,No
16,Heinrich Klaasen,DELHI CAPITALS,280,No
16,Heinrich Klaasen,SUNRISERS HYDERABAD,300,No
16,Heinrich Klaasen,DELHI CAPITALS,320,No
16,Heinrich Klaasen,SUNRISERS HYDERABAD,340,No
16,Heinrich Klaasen,DELHI CAPITALS,360,No
16,Heinrich Klaasen,SUNRISERS HYDERABAD,380,No
16,Heinrich Klaasen,DELHI CAPITALS,400,No
16,Heinrich Klaasen,SUNRISERS HYDERABAD,420,No
16,Heinrich Klaasen,DELHI CAPITALS,440,No
16,Heinrich Klaasen,SUNRISERS HYDERABAD,460,No
16,Heinrich Klaasen,SUNRISERS HYDERABAD,480,No
16,Heinrich Klaasen,DELHI CAPITALS,500,No
16,Heinrich Klaasen,SUNRISERS HYDERABAD,525,Yes
19,Phil Salt,DELHI CAPITALS,200,Yes
24,Reece Topley,MUMBAI INDIANS,75,No
24,Reece Topley,CHENNAI SUPER KINGS,80,No
24,Reece Topley,MUMBAI INDIANS,85,No
24,Reece Topley,CHENNAI SUPER KINGS,90,No
24,Reece Topley,ROYAL CHALLENGERS BANGALORE,95,No
24,Reece Topley,MUMBAI INDIANS,100,No
24,Reece Topley,ROYAL CHALLENGERS BANGALORE,110,No
24,Reece Topley,MUMBAI INDIANS,120,No
24,Reece Topley,ROYAL CHALLENGERS BANGALORE,130,No
24,Reece Topley,MUMBAI INDIANS,140,No
24,Reece Topley,ROYAL CHALLENGERS BANGALORE,150,No
24,Reece Topley,MUMBAI INDIANS,160,No
24,Reece Topley,ROYAL CHALLENGERS BANGALORE,170,No
24,Reece Topley,MUMBAI INDIANS,180,No
24,Reece Topley,ROYAL CHALLENGERS BANGALORE,75,Yes
25,Jaydev Unadkat,LUCKNOW SUPER GIANTS,50,Yes
22,Jhye Richardson,MUMBAI INDIANS,150,Yes
23,Ishant Sharma,DELHI CAPITALS,50,Yes
29,Adil Rashid ,SUNRISERS HYDERABAD,200,Yes
27,Mayank Markande,SUNRISERS HYDERABAD,50,Yes
35,Shaik Rasheed,CHENNAI SUPER KINGS,20,Yes
41,Vivrant Sharma,KOLKATA KNIGHT RIDERS,20,No
41,Vivrant Sharma,SUNRISERS HYDERABAD,25,No
41,Vivrant Sharma,KOLKATA KNIGHT RIDERS,30,No
41,Vivrant Sharma,SUNRISERS HYDERABAD,35,No
41,Vivrant Sharma,KOLKATA KNIGHT RIDERS,40,No
41,Vivrant Sharma,SUNRISERS HYDERABAD,45,No
41,Vivrant Sharma,KOLKATA KNIGHT RIDERS,50,No
41,Vivrant Sharma,SUNRISERS HYDERABAD,55,No
41,Vivrant Sharma,KOLKATA KNIGHT RIDERS,60,No
41,Vivrant Sharma,SUNRISERS HYDERABAD,65,No
41,Vivrant Sharma,KOLKATA KNIGHT RIDERS,70,No
41,Vivrant Sharma,SUNRISERS HYDERABAD,75,No
41,Vivrant Sharma,KOLKATA KNIGHT RIDERS,80,No
41,Vivrant Sharma,SUNRISERS HYDERABAD,85,No
41,Vivrant Sharma,KOLKATA KNIGHT RIDERS,90,No
41,Vivrant Sharma,SUNRISERS HYDERABAD,95,No
41,Vivrant Sharma,KOLKATA KNIGHT RIDERS,100,No
41,Vivrant Sharma,SUNRISERS HYDERABAD,110,No
41,Vivrant Sharma,KOLKATA KNIGHT RIDERS,120,No
41,Vivrant Sharma,SUNRISERS HYDERABAD,130,No
41,Vivrant Sharma,KOLKATA KNIGHT RIDERS,140,No
41,Vivrant Sharma,SUNRISERS HYDERABAD,150,No
41,Vivrant Sharma,KOLKATA KNIGHT RIDERS,160,No
41,Vivrant Sharma,SUNRISERS HYDERABAD,170,No
41,Vivrant Sharma,KOLKATA KNIGHT RIDERS,180,No
41,Vivrant Sharma,SUNRISERS HYDERABAD,190,No
41,Vivrant Sharma,KOLKATA KNIGHT RIDERS,200,No
41,Vivrant Sharma,SUNRISERS HYDERABAD,220,No
41,Vivrant Sharma,KOLKATA KNIGHT RIDERS,240,No
41,Vivrant Sharma,SUNRISERS HYDERABAD,260,Yes
45,Samarth  Vyas,SUNRISERS HYDERABAD,20,Yes
43,Sanvir  Singh,SUNRISERS HYDERABAD,20,Yes
42,Nishant Sindhu,CHENNAI SUPER KINGS,20,No
42,Nishant Sindhu,KOLKATA KNIGHT RIDERS,25,No
42,Nishant Sindhu,CHENNAI SUPER KINGS,30,No
42,Nishant Sindhu,KOLKATA KNIGHT RIDERS,35,No
42,Nishant Sindhu,CHENNAI SUPER KINGS,40,No
42,Nishant Sindhu,KOLKATA KNIGHT RIDERS,45,No
42,Nishant Sindhu,CHENNAI SUPER KINGS,50,No
42,Nishant Sindhu,KOLKATA KNIGHT RIDERS,55,No
42,Nishant Sindhu,CHENNAI SUPER KINGS,60,Yes
50,N. Jagadeesan,KOLKATA KNIGHT RIDERS,20,No
50,N. Jagadeesan,CHENNAI SUPER KINGS,25,No
50,N. Jagadeesan,KOLKATA KNIGHT RIDERS,30,No
50,N. Jagadeesan,CHENNAI SUPER KINGS,35,No
50,N. Jagadeesan,KOLKATA KNIGHT RIDERS,40,No
50,N. Jagadeesan,CHENNAI SUPER KINGS,45,No
50,N. Jagadeesan,KOLKATA KNIGHT RIDERS,50,No
50,N. Jagadeesan,CHENNAI SUPER KINGS,55,No
50,N. Jagadeesan,KOLKATA KNIGHT RIDERS,60,No
50,N. Jagadeesan,CHENNAI SUPER KINGS,65,No
50,N. Jagadeesan,KOLKATA KNIGHT RIDERS,70,No
50,N. Jagadeesan,CHENNAI SUPER KINGS,75,No
50,N. Jagadeesan,KOLKATA KNIGHT RIDERS,80,No
50,N. Jagadeesan,CHENNAI SUPER KINGS,85,No
50,N. Jagadeesan,KOLKATA KNIGHT RIDERS,90,Yes
46,K.S.  Bharat,CHENNAI SUPER KINGS,20,No
46,K.S.  Bharat,GUJARAT TITANS,25,No
46,K.S.  Bharat,CHENNAI SUPER KINGS,30,No
46,K.S.  Bharat,GUJARAT TITANS,35,No
46,K.S.  Bharat,CHENNAI SUPER KINGS,40,No
46,K.S.  Bharat,GUJARAT TITANS,45,No
46,K.S.  Bharat,CHENNAI SUPER KINGS,50,No
46,K.S.  Bharat,GUJARAT TITANS,55,No
46,K.S.  Bharat,CHENNAI SUPER KINGS,60,No
46,K.S.  Bharat,GUJARAT TITANS,65,No
46,K.S.  Bharat,CHENNAI SUPER KINGS,70,No
46,K.S.  Bharat,GUJARAT TITANS,75,No
46,K.S.  Bharat,CHENNAI SUPER KINGS,80,No
46,K.S.  Bharat,GUJARAT TITANS,85,No
46,K.S.  Bharat,CHENNAI SUPER KINGS,90,No
46,K.S.  Bharat,GUJARAT TITANS,95,No
46,K.S.  Bharat,CHENNAI SUPER KINGS,100,No
46,K.S.  Bharat,GUJARAT TITANS,110,No
46,K.S.  Bharat,GUJARAT TITANS,120,Yes
52,Upendra Singh Yadav,MUMBAI INDIANS,20,No
52,Upendra Singh Yadav,SUNRISERS HYDERABAD,25,Yes
53,Vaibhav Arora,KOLKATA KNIGHT RIDERS,20,No
53,Vaibhav Arora,LUCKNOW SUPER GIANTS,25,No
53,Vaibhav Arora,KOLKATA KNIGHT RIDERS,30,No
53,Vaibhav Arora,LUCKNOW SUPER GIANTS,35,No
53,Vaibhav Arora,KOLKATA KNIGHT RIDERS,40,No
53,Vaibhav Arora,LUCKNOW SUPER GIANTS,45,No
53,Vaibhav Arora,KOLKATA KNIGHT RIDERS,50,No
53,Vaibhav Arora,LUCKNOW SUPER GIANTS,55,No
53,Vaibhav Arora,KOLKATA KNIGHT RIDERS,60,Yes
58,Yash Thakur,PUNJAB KINGS,20,No
58,Yash Thakur,LUCKNOW SUPER GIANTS,25,No
58,Yash Thakur,PUNJAB KINGS,30,No
58,Yash Thakur,LUCKNOW SUPER GIANTS,35,No
58,Yash Thakur,PUNJAB KINGS,40,No
58,Yash Thakur,LUCKNOW SUPER GIANTS,45,Yes
56,Shivam  Mavi,KOLKATA KNIGHT RIDERS,40,No
56,Shivam  Mavi,CHENNAI SUPER KINGS,45,No
56,Shivam  Mavi,KOLKATA KNIGHT RIDERS,50,No
56,Shivam  Mavi,CHENNAI SUPER KINGS,55,No
56,Shivam  Mavi,KOLKATA KNIGHT RIDERS,60,No
56,Shivam  Mavi,CHENNAI SUPER KINGS,65,No
56,Shivam  Mavi,KOLKATA KNIGHT RIDERS,70,No
56,Shivam  Mavi,CHENNAI SUPER KINGS,75,No
56,Shivam  Mavi,KOLKATA KNIGHT RIDERS,80,No
56,Shivam  Mavi,CHENNAI SUPER KINGS,85,No
56,Shivam  Mavi,KOLKATA KNIGHT RIDERS,90,No
56,Shivam  Mavi,CHENNAI SUPER KINGS,95,No
56,Shivam  Mavi,KOLKATA KNIGHT RIDERS,100,No
56,Shivam  Mavi,GUJARAT TITANS,110,No
56,Shivam  Mavi,RAJASTHAN ROYALS,120,No
56,Shivam  Mavi,GUJARAT TITANS,130,No
56,Shivam  Mavi,RAJASTHAN ROYALS,140,No
56,Shivam  Mavi,GUJARAT TITANS,150,No
56,Shivam  Mavi,RAJASTHAN ROYALS,160,No
56,Shivam  Mavi,GUJARAT TITANS,170,No
56,Shivam  Mavi,RAJASTHAN ROYALS,180,No
56,Shivam  Mavi,GUJARAT TITANS,190,No
56,Shivam  Mavi,RAJASTHAN ROYALS,200,No
56,Shivam  Mavi,GUJARAT TITANS,220,No
56,Shivam  Mavi,RAJASTHAN ROYALS,240,No
56,Shivam  Mavi,GUJARAT TITANS,260,No
56,Shivam  Mavi,RAJASTHAN ROYALS,280,No
56,Shivam  Mavi,GUJARAT TITANS,300,No
56,Shivam  Mavi,RAJASTHAN ROYALS,320,No
56,Shivam  Mavi,GUJARAT TITANS,340,No
56,Shivam  Mavi,RAJASTHAN ROYALS,360,No
56,Shivam  Mavi,GUJARAT TITANS,380,No
56,Shivam  Mavi,RAJASTHAN ROYALS,400,No
56,Shivam  Mavi,GUJARAT TITANS,420,No
56,Shivam  Mavi,RAJASTHAN ROYALS,440,No
56,Shivam  Mavi,GUJARAT TITANS,460,No
56,Shivam  Mavi,RAJASTHAN ROYALS,480,No
56,Shivam  Mavi,GUJARAT TITANS,500,No
56,Shivam  Mavi,RAJASTHAN ROYALS,525,No
56,Shivam  Mavi,GUJARAT TITANS,550,No
56,Shivam  Mavi,RAJASTHAN ROYALS,575,No
56,Shivam  Mavi,GUJARAT TITANS,600,Yes
55,Mukesh Kumar,CHENNAI SUPER KINGS,20,No
55,Mukesh Kumar,DELHI CAPITALS,25,No
55,Mukesh Kumar,CHENNAI SUPER KINGS,30,No
55,Mukesh Kumar,DELHI CAPITALS,35,No
55,Mukesh Kumar,CHENNAI SUPER KINGS,40,No
55,Mukesh Kumar,DELHI CAPITALS,45,No
55,Mukesh Kumar,CHENNAI SUPER KINGS,50,No
55,Mukesh Kumar,DELHI CAPITALS,55,No
55,Mukesh Kumar,CHENNAI SUPER KINGS,60,No
55,Mukesh Kumar,DELHI CAPITALS,65,No
55,Mukesh Kumar,CHENNAI SUPER KINGS,70,No
55,Mukesh Kumar,DELHI CAPITALS,75,No
55,Mukesh Kumar,CHENNAI SUPER KINGS,80,No
55,Mukesh Kumar,DELHI CAPITALS,85,No
55,Mukesh Kumar,CHENNAI SUPER KINGS,90,No
55,Mukesh Kumar,DELHI CAPITALS,95,No
55,Mukesh Kumar,CHENNAI SUPER KINGS,100,No
55,Mukesh Kumar,DELHI CAPITALS,110,No
55,Mukesh Kumar,PUNJAB KINGS,120,No
55,Mukesh Kumar,DELHI CAPITALS,130,No
55,Mukesh Kumar,PUNJAB KINGS,140,No
55,Mukesh Kumar,DELHI CAPITALS,150,No
55,Mukesh Kumar,PUNJAB KINGS,160,No
55,Mukesh Kumar,DELHI CAPITALS,170,No
55,Mukesh Kumar,PUNJAB KINGS,180,No
55,Mukesh Kumar,DELHI CAPITALS,190,No
55,Mukesh Kumar,PUNJAB KINGS,200,No
55,Mukesh Kumar,DELHI CAPITALS,220,No
55,Mukesh Kumar,PUNJAB KINGS,240,No
55,Mukesh Kumar,DELHI CAPITALS,260,No
55,Mukesh Kumar,PUNJAB KINGS,280,No
55,Mukesh Kumar,DELHI CAPITALS,300,No
55,Mukesh Kumar,PUNJAB KINGS,320,No
55,Mukesh Kumar,DELHI CAPITALS,340,No
55,Mukesh Kumar,PUNJAB KINGS,360,No
55,Mukesh Kumar,DELHI CAPITALS,380,No
55,Mukesh Kumar,PUNJAB KINGS,400,No
55,Mukesh Kumar,DELHI CAPITALS,420,No
55,Mukesh Kumar,PUNJAB KINGS,440,No
55,Mukesh Kumar,DELHI CAPITALS,460,No
55,Mukesh Kumar,PUNJAB KINGS,480,No
55,Mukesh Kumar,DELHI CAPITALS,500,No
55,Mukesh Kumar,PUNJAB KINGS,525,No
55,Mukesh Kumar,DELHI CAPITALS,550,Yes
65,Himanshu Sharma,ROYAL CHALLENGERS BANGALORE,20,Yes
69,Manish Pandey,DELHI CAPITALS,100,No
69,Manish Pandey,ROYAL CHALLENGERS BANGALORE,110,No
69,Manish Pandey,DELHI CAPITALS,120,No
69,Manish Pandey,ROYAL CHALLENGERS BANGALORE,130,No
69,Manish Pandey,DELHI CAPITALS,140,No
69,Manish Pandey,ROYAL CHALLENGERS BANGALORE,150,No
69,Manish Pandey,DELHI CAPITALS,160,No
69,Manish Pandey,ROYAL CHALLENGERS BANGALORE,170,No
69,Manish Pandey,DELHI CAPITALS,180,No
69,Manish Pandey,ROYAL CHALLENGERS BANGALORE,190,No
69,Manish Pandey,DELHI CAPITALS,200,No
69,Manish Pandey,ROYAL CHALLENGERS BANGALORE,220,No
69,Manish Pandey,DELHI CAPITALS,240,Yes
67,Will Jacks,RAJASTHAN ROYALS,150,No
67,Will Jacks,ROYAL CHALLENGERS BANGALORE,160,No
67,Will Jacks,RAJASTHAN ROYALS,170,No
67,Will Jacks,ROYAL CHALLENGERS BANGALORE,180,No
67,Will Jacks,RAJASTHAN ROYALS,190,No
67,Will Jacks,ROYAL CHALLENGERS BANGALORE,200,No
67,Will Jacks,RAJASTHAN ROYALS,220,No
67,Will Jacks,ROYAL CHALLENGERS BANGALORE,240,No
67,Will Jacks,RAJASTHAN ROYALS,260,No
67,Will Jacks,ROYAL CHALLENGERS BANGALORE,280,No
67,Will Jacks,RAJASTHAN ROYALS,300,No
67,Will Jacks,ROYAL CHALLENGERS BANGALORE,320,Yes
80,Romario Shepherd,LUCKNOW SUPER GIANTS,50,Yes
78,Daniel Sams,LUCKNOW SUPER GIANTS,75,Yes
83,Kyle Jamieson,CHENNAI SUPER KINGS,100,Yes
94,Piyush Chawla,MUMBAI INDIANS,50,Yes
95,Amit Mishra,LUCKNOW SUPER GIANTS,50,Yes
99,Harpreet Bhatia,PUNJAB KINGS,20,No
99,Harpreet Bhatia,KOLKATA KNIGHT RIDERS,25,No
99,Harpreet Bhatia,PUNJAB KINGS,30,No
99,Harpreet Bhatia,KOLKATA KNIGHT RIDERS,35,No
99,Harpreet Bhatia,PUNJAB KINGS,40,Yes
108,Manoj Bhandage,ROYAL CHALLENGERS BANGALORE,20,Yes
110,Mayank Dagar,ROYAL CHALLENGERS BANGALORE,20,No
110,Mayank Dagar,RAJASTHAN ROYALS,25,No
110,Mayank Dagar,SUNRISERS HYDERABAD,30,No
110,Mayank Dagar,RAJASTHAN ROYALS,35,No
110,Mayank Dagar,SUNRISERS HYDERABAD,40,No
110,Mayank Dagar,RAJASTHAN ROYALS,45,No
110,Mayank Dagar,SUNRISERS HYDERABAD,50,No
110,Mayank Dagar,RAJASTHAN ROYALS,55,No
110,Mayank Dagar,SUNRISERS HYDERABAD,60,No
110,Mayank Dagar,RAJASTHAN ROYALS,65,No
110,Mayank Dagar,SUNRISERS HYDERABAD,70,No
110,Mayank Dagar,RAJASTHAN ROYALS,75,No
110,Mayank Dagar,SUNRISERS HYDERABAD,80,No
110,Mayank Dagar,RAJASTHAN ROYALS,85,No
110,Mayank Dagar,SUNRISERS HYDERABAD,90,No
110,Mayank Dagar,RAJASTHAN ROYALS,95,No
110,Mayank Dagar,SUNRISERS HYDERABAD,100,No
110,Mayank Dagar,RAJASTHAN ROYALS,110,No
110,Mayank Dagar,SUNRISERS HYDERABAD,120,No
110,Mayank Dagar,RAJASTHAN ROYALS,130,No
110,Mayank Dagar,SUNRISERS HYDERABAD,140,No
110,Mayank Dagar,RAJASTHAN ROYALS,150,No
110,Mayank Dagar,SUNRISERS HYDERABAD,160,No
110,Mayank Dagar,RAJASTHAN ROYALS,170,No
110,Mayank Dagar,SUNRISERS HYDERABAD,180,Yes
111,Duan Jansen,MUMBAI INDIANS,20,Yes
113,Prerak Mankad,LUCKNOW SUPER GIANTS,20,Yes
119,Donovan Ferreira,RAJASTHAN ROYALS,20,No
119,Donovan Ferreira,KOLKATA KNIGHT RIDERS,25,No
119,Donovan Ferreira,RAJASTHAN ROYALS,30,No
119,Donovan Ferreira,KOLKATA KNIGHT RIDERS,35,No
119,Donovan Ferreira,RAJASTHAN ROYALS,40,No
119,Donovan Ferreira,KOLKATA KNIGHT RIDERS,45,No
119,Donovan Ferreira,RAJASTHAN ROYALS,50,Yes
123,Urvil Patel,GUJARAT TITANS,20,Yes
127,Vishnu Vinod,MUMBAI INDIANS,20,Yes
129,Vidwath Kaverappa,PUNJAB KINGS,20,Yes
130,Rajan Kumar,ROYAL CHALLENGERS BANGALORE,20,No
130,Rajan Kumar,KOLKATA KNIGHT RIDERS,25,No
130,Rajan Kumar,ROYAL CHALLENGERS BANGALORE,30,No
130,Rajan Kumar,KOLKATA KNIGHT RIDERS,35,No
130,Rajan Kumar,ROYAL CHALLENGERS BANGALORE,40,No
130,Rajan Kumar,KOLKATA KNIGHT RIDERS,45,No
130,Rajan Kumar,ROYAL CHALLENGERS BANGALORE,50,No
130,Rajan Kumar,KOLKATA KNIGHT RIDERS,55,No
130,Rajan Kumar,ROYAL CHALLENGERS BANGALORE,60,No
130,Rajan Kumar,KOLKATA KNIGHT RIDERS,65,No
130,Rajan Kumar,ROYAL CHALLENGERS BANGALORE,70,Yes
145,Suyash Sharma,KOLKATA KNIGHT RIDERS,20,Yes
170,Joshua Little,GUJARAT TITANS,50,No
170,Joshua Little,LUCKNOW SUPER GIANTS,55,No
170,Joshua Little,GUJARAT TITANS,60,No
170,Joshua Little,LUCKNOW SUPER GIANTS,65,No
170,Joshua Little,GUJARAT TITANS,70,No
170,Joshua Little,LUCKNOW SUPER GIANTS,75,No
170,Joshua Little,GUJARAT TITANS,80,No
170,Joshua Little,LUCKNOW SUPER GIANTS,85,No
170,Joshua Little,GUJARAT TITANS,90,No
170,Joshua Little,LUCKNOW SUPER GIANTS,95,No
170,Joshua Little,GUJARAT TITANS,100,No
170,Joshua Little,LUCKNOW SUPER GIANTS,110,No
170,Joshua Little,GUJARAT TITANS,120,No
170,Joshua Little,LUCKNOW SUPER GIANTS,130,No
170,Joshua Little,GUJARAT TITANS,140,No
170,Joshua Little,LUCKNOW SUPER GIANTS,150,No
170,Joshua Little,GUJARAT TITANS,160,No
170,Joshua Little,LUCKNOW SUPER GIANTS,170,No
170,Joshua Little,GUJARAT TITANS,180,No
170,Joshua Little,LUCKNOW SUPER GIANTS,190,No
170,Joshua Little,GUJARAT TITANS,200,No
170,Joshua Little,LUCKNOW SUPER GIANTS,220,No
170,Joshua Little,GUJARAT TITANS,240,No
170,Joshua Little,LUCKNOW SUPER GIANTS,260,No
170,Joshua Little,GUJARAT TITANS,280,No
170,Joshua Little,LUCKNOW SUPER GIANTS,300,No
170,Joshua Little,GUJARAT TITANS,320,No
170,Joshua Little,LUCKNOW SUPER GIANTS,340,No
170,Joshua Little,GUJARAT TITANS,360,No
170,Joshua Little,LUCKNOW SUPER GIANTS,380,No
170,Joshua Little,GUJARAT TITANS,400,No
170,Joshua Little,LUCKNOW SUPER GIANTS,420,No
170,Joshua Little,GUJARAT TITANS,440,Yes
172,Mohit Sharma,GUJARAT TITANS,50,Yes
189,Shams Mulani,MUMBAI INDIANS,20,Yes
193,Swapnil Singh,LUCKNOW SUPER GIANTS,20,Yes
196,David Wiese,KOLKATA KNIGHT RIDERS,100,Yes
208,Nitish Kumar Reddy,SUNRISERS HYDERABAD,20,Yes
221,Avinash Singh,ROYAL CHALLENGERS BANGALORE,20,No
221,Avinash Singh,KOLKATA KNIGHT RIDERS,25,No
221,Avinash Singh,ROYAL CHALLENGERS BANGALORE,30,No
221,Avinash Singh,KOLKATA KNIGHT RIDERS,35,No
221,Avinash Singh,ROYAL CHALLENGERS BANGALORE,40,No
221,Avinash Singh,KOLKATA KNIGHT RIDERS,45,No
221,Avinash Singh,ROYAL CHALLENGERS BANGALORE,50,No
221,Avinash Singh,KOLKATA KNIGHT RIDERS,55,No
221,Avinash Singh,ROYAL CHALLENGERS BANGALORE,60,Yes
284,Kunal Rathore,RAJASTHAN ROYALS,20,Yes
321,Sonu Yadav,ROYAL CHALLENGERS BANGALORE,20,Yes
324,Kulwant Khejroliya,KOLKATA KNIGHT RIDERS,20,Yes
339,Ajay Mandal,CHENNAI SUPER KINGS,20,Yes
389,Mohit Rathee,PUNJAB KINGS,20,Yes
392,Nehal Wadhera,MUMBAI INDIANS,20,Yes
405,Bhagath Varma,CHENNAI SUPER KINGS,20,Yes
406,Shivam Singh,PUNJAB KINGS,20,Yes
406,Shivam Singh,PUNJAB KINGS,20,Yes
389,Mohit Rathee,PUNJAB KINGS,20,Yes
5,Rilee Rossouw,RAJASTHAN ROYALS,200,No
5,Rilee Rossouw,DELHI CAPITALS,220,No
5,Rilee Rossouw,RAJASTHAN ROYALS,240,No
5,Rilee Rossouw,DELHI CAPITALS,260,No
5,Rilee Rossouw,RAJASTHAN ROYALS,280,No
5,Rilee Rossouw,DELHI CAPITALS,300,No
5,Rilee Rossouw,RAJASTHAN ROYALS,320,No
5,Rilee Rossouw,DELHI CAPITALS,340,No
5,Rilee Rossouw,RAJASTHAN ROYALS,360,No
5,Rilee Rossouw,DELHI CAPITALS,380,No
5,Rilee Rossouw,RAJASTHAN ROYALS,400,No
5,Rilee Rossouw,DELHI CAPITALS,420,No
5,Rilee Rossouw,RAJASTHAN ROYALS,440,No
5,Rilee Rossouw,DELHI CAPITALS,460,Yes
15,Litton Das,KOLKATA KNIGHT RIDERS,50,Yes
26,Akeal Hosein,SUNRISERS HYDERABAD,100,Yes
31,Adam Zampa,RAJASTHAN ROYALS,150,Yes
36,Anmolpreet Singh,SUNRISERS HYDERABAD,20,Yes
54,K.M. Asif,RAJASTHAN ROYALS,30,Yes
60,Murugan Ashwin,RAJASTHAN ROYALS,20,Yes
71,Mandeep Singh,KOLKATA KNIGHT RIDERS,50,Yes
117,Akash Vashisht,RAJASTHAN ROYALS,20,Yes
168,Naveen Ul Haq,LUCKNOW SUPER GIANTS,50,Yes
187,Yudhvir Charak,LUCKNOW SUPER GIANTS,20,Yes
227,Raghav Goyal,MUMBAI INDIANS,20,Yes
340,Abdul P A,RAJASTHAN ROYALS,20,Yes
36,Anmolpreet Singh,SUNRISERS HYDERABAD,20,Yes
4,Joe Root ,RAJASTHAN ROYALS,100,Yes
9,Shakib Al Hasan,KOLKATA KNIGHT RIDERS,150,Yes